[
{"title":"Pride and Prejudice","description":"Classic Regency novel","price":36.0,"author":"Austeen, Jane","id":1},
{"title":"The Opposing Shore","description":"Dreamlike novel","price":23.0,"author":"Gracq, Julien","id":2},
{"title":"The Art of Computer Programming","description":"Sum on computing and algorithms","price":275.0,"author":"Knuth, Donald","id":3},
{"title":"The Three Orders: Feudal Society Imagined","description":"Medieval history 12th-13th century","price":56.0,"author":"Duby, Georges","id":4},
{"title":"Claudine in Paris","description":"Autobiographical novel in which Colette relates her installation in Paris","price":25.0,"author":"Colette","id":5}
]